SET FOREIGN_KEY_CHECKS = 0;

DROP TABLE IF EXISTS  `feedback`;
CREATE TABLE `feedback` (
  `id` int(11) NOT NULL AUTO_INCREMENT,
  `title` text,
  `content` text,
  `contact` text,
  `date` datetime DEFAULT NULL,
  PRIMARY KEY (`id`)
) ENGINE=InnoDB AUTO_INCREMENT=2 DEFAULT CHARSET=gbk;

insert into `feedback`(`id`,`title`,`content`,`contact`,`date`) values
('1','测试','测试','1295274684','2014-12-13 07:38:20');
DROP TABLE IF EXISTS  `decoration`;
CREATE TABLE `decoration` (
  `form_id` int(11) NOT NULL,
  `form_expire_time` date DEFAULT NULL,
  `form_number_limit` int(11) DEFAULT NULL,
  `bg` text CHARACTER SET utf8,
  `form_tag` text CHARACTER SET utf8
) ENGINE=InnoDB DEFAULT CHARSET=gbk;

insert into `decoration`(`form_id`,`form_expire_time`,`form_number_limit`,`bg`,`form_tag`) values
('1','2014-09-25','200','',''),
('1','2014-09-25','200','',''),
('1','2014-09-25','200','',''),
('2','2014-09-11','200','',''),
('3','2014-09-28','200','',''),
('4','2014-09-26','200','',''),
('5','2014-09-20','800','','测试'),
('6','2014-09-11','500','',''),
('7','2014-09-28','450','',''),
('8','2014-09-30','700','','范德萨'),
('9','2014-09-12','50','',''),
('10','2014-09-20','1200','',''),
('11','2014-10-04','200','b80a374dfcfc00af6639485c3edd3b62.jpg','123'),
('12','2014-10-23','200','4c1fe3802692c18269ebed329d9146e6.png',''),
('13','2014-10-03','123','830e4e576f7dfa697a39cf15eee1a347.jpg','123'),
('14','2014-10-12','200','a110d2a7be5eb27dea3f62a75851a3fb.jpg','123'),
('20','2014-10-17','20','a141f2c8e7b9dceca2d23fdfd9cf496f.png','123'),
('21','2014-10-23','350','',''),
('22','2014-10-14','1','',''),
('23','2014-11-14','50','',''),
('24','2014-11-14','900','',''),
('25','2014-11-15','1900','',''),
('26','2014-11-13','50','',''),
('27','2014-12-12','2000','',''),
('28','2014-11-19','50','',''),
('29','2015-01-31','4450','',''),
('30','2014-11-22','650','',''),
('24','0000-00-00','0','',''),
('33','2014-12-31','200','',''),
('34','0000-00-00','120','',''),
('36','2014-12-31','130','',''),
('37','2014-12-07','750','37-decoration.jpg',''),
('38','0000-00-00','700','',''),
('38','2014-12-27','700','',''),
('39','2014-12-20','600','',''),
('40','2014-12-31','50','40-decoration.jpg',''),
('41','0000-00-00','200','',''),
('46','2014-12-31','1000','',''),
('54','2014-12-31','1200','',''),
('56','2014-12-31','3400','',''),
('57','2015-01-31','2000','57-decoration.jpg',''),
('61','2014-12-14','50','',''),
('62','2014-12-18','750','',''),
('63','0000-00-00','500','',''),
('64','2014-12-27','300','',''),
('68','2014-12-25','50','68-decoration.jpg',''),
('69','2014-12-25','50','69-decoration.jpg',''),
('70','2014-12-24','50','70-decoration.jpg',''),
('71','2014-12-25','50','4.jpg',''),
('72','2014-12-27','2900','72-decoration.jpg','');
DROP TABLE IF EXISTS  `answer`;
CREATE TABLE `answer` (
  `id` int(10) NOT NULL AUTO_INCREMENT,
  `form_id` int(11) NOT NULL,
  `username` text CHARACTER SET utf8 NOT NULL,
  `answer_string` text CHARACTER SET utf8 NOT NULL,
  `date` datetime NOT NULL,
  `from_where` varchar(32) NOT NULL,
  PRIMARY KEY (`id`)
) ENGINE=InnoDB AUTO_INCREMENT=86 DEFAULT CHARSET=gbk;

insert into `answer`(`id`,`form_id`,`username`,`answer_string`,`date`,`from_where`) values
('1','1','','','2014-07-30 01:10:10',''),
('2','1','','','2014-08-07 04:21:03',''),
('3','1','','','2014-08-20 08:26:45',''),
('4','5','','','2014-09-02 05:05:33',''),
('5','5','','','2014-09-02 05:05:39',''),
('6','5','lzxto123-dnf@qq.com','fdsf $$$ans_end$$$ans_allundefined$$$ans_end$$$ans_allfsdfs$$$ans_end$$$ans_allfsdf$$$ans_end$$$ans_allfsdf$$$ans_end$$$ans_allfdsfds$$$ans_end$$$ans_allfsdfsd$$$ans_end$$$ans_allundefined$$$ans_end$$$ans_all$$$ans_all','2014-09-02 08:41:18',''),
('7','5','','','2014-09-02 07:00:57',''),
('8','4','lzxto123-dnf@qq.com','佛挡杀佛$$$ans_end$$$ans_allundefined$$$ans_end$$$ans_all丰盛的$$$ans_end$$$ans_all房顶上$$$ans_end$$$ans_all发斯蒂芬$$$ans_end$$$ans_all丰盛的$$$ans_end$$$ans_all发斯蒂芬$$$ans_end$$$ans_all','2014-09-02 08:40:38',''),
('9','6','lzxto123-dnf@qq.com','佛挡杀佛$$$ans_end$$$ans_all$_FILES-01-1337934583-2117999.png$$$ans_end$$$ans_all$$$ans_all$_FILES-130646391411.jpg$$$ans_end$$$ans_all','2014-09-02 09:24:36',''),
('10','3','lzxto123-dnf@qq.com','佛挡杀佛$$$ans_end$$$ans_allundefined$$$ans_end$$$ans_allfds $$$ans_end$$$ans_allfdsf$$$ans_end$$$ans_allfsdf$$$ans_end$$$ans_allfsdfsd$$$ans_end$$$ans_allfrdg$$$ans_end$$$ans_all','2014-09-02 10:10:04',''),
('11','7','lzxto123-dnf@qq.com','佛挡杀佛$$$ans_end$$$ans_allundefined$$$ans_end$$$ans_allfds $$$ans_end$$$ans_allfdsf$$$ans_end$$$ans_allfsdf$$$ans_end$$$ans_allfsdfsd$$$ans_end$$$ans_allfrdg$$$ans_end$$$ans_all','2014-09-02 10:25:13',''),
('12','7','lzxto123-dnf@qq.com','','2014-09-02 10:25:34',''),
('13','8','','0Î²0Î²0Î²0Î²0Î²Î²0Î²0Î²0Î²0Î²0Î²0Î²0Î²0Î²0Î²0Î²0Î²0Î²0Î²1Î²1Î²0Î²Î²0Î²0Î²1Î²0Î²0Î²0Î²Î²Î²Î²Î²Î²Î²$$$ans_end$$$ans_all女$$$ans_end$$$ans_all3120103599$$$ans_end$$$ans_all$$$ans_end$$$ans_all1888684057222$$$ans_end$$$ans_alllzxto123-dnf@qq.com$$$ans_end$$$ans_all$$$ans_end$$$ans_all$$$ans_end$$$ans_all$$$ans_end$$$ans_allundefined$$$ans_end$$$ans_all','2014-09-04 08:33:44',''),
('14','10','lzxto123-dnf@qq.com','房顶上$$$ans_end$$$ans_all男$$$ans_end$$$ans_all1$$$ans_end$$$ans_all丰盛的$$$ans_end$$$ans_all丰盛的$$$ans_end$$$ans_alllzxto1233-@fdwf.com$$$ans_end$$$ans_all房顶上$$$ans_end$$$ans_all','2014-09-18 09:25:55',''),
('15','11','404764607@qq.com','$_FILES-8fe53ccfc93a825c007897750852ba65.$$$ans_all$$$ans_all','2014-10-03 03:35:26',''),
('16','11','404764607@qq.com','$_FILES-ceea9e02ca334d24eb1c43abc18afb59.$$$ans_all$$$ans_all','2014-10-03 03:40:19',''),
('17','11','404764607@qq.com','$_FILES-07dfb4b61aeb3068f4d4bcdf6145af3a.$$$ans_all$$$ans_all','2014-10-03 03:50:29',''),
('18','12','404764607@qq.com','asd$$$ans_end$$$ans_all男$$$ans_end$$$ans_all3120102649$$$ans_end$$$ans_allasd$$$ans_end$$$ans_allasd$$$ans_end$$$ans_allasd@123.com$$$ans_end$$$ans_allqwe$$$ans_end$$$ans_all$_FILES-1d96ec416ff1b38a7da67046359b2f50.jpg$$$ans_all$$$ans_all','2014-10-10 01:34:06',''),
('19','14','404764607@qq.com','$_FILES-0f550627868cb1933c1698a6811f4a7d.doc$$$ans_all123$$$ans_end$$$ans_all男$$$ans_end$$$ans_all123$$$ans_end$$$ans_all123$$$ans_end$$$ans_all123$$$ans_end$$$ans_all123@123.com$$$ans_end$$$ans_all123$$$ans_end$$$ans_all$$$ans_all','2014-10-10 01:41:41',''),
('20','21','lzxto123-dnf@qq.com','fsd$$$ans_end$$$ans_all男$$$ans_end$$$ans_all9$$$ans_end$$$ans_allfdsf$$$ans_end$$$ans_allfs$$$ans_end$$$ans_all12@123.com$$$ans_end$$$ans_allfsd$$$ans_end$$$ans_all$_FILES-4948f017b68b326f536cb67cc00af6a8.jpg$$$ans_all$$$ans_all','2014-10-10 09:58:26',''),
('21','27','lzxto123-dnf@qq.com','发生的$$$ans_end$$$ans_all男$$$ans_end$$$ans_all8$$$ans_end$$$ans_all发生的$$$ans_end$$$ans_all11$$$ans_end$$$ans_all发生的$$$ans_end$$$ans_all斯蒂芬$$$ans_end$$$ans_all组织部$$$ans_end会员$$$ans_end$$$ans_all$$$ans_all','2014-11-12 11:09:27','other'),
('22','28','lzxto123-dnf@qq.com','发生的$$$ans_end$$$ans_all男$$$ans_end$$$ans_all8$$$ans_end$$$ans_all11月22日$$$ans_end11月23日$$$ans_end$$$ans_all$$$ans_all','2014-11-12 11:09:33',''),
('23','34','taoningying@sina.com','xxx$$$ans_all','2014-12-03 10:43:27','newpage'),
('24','36','taoningying@sina.com','$$$ans_all','2014-12-03 10:42:40','other'),
('25','34','lzxto123-dnf@qq.com','undefined$$$ans_end$$$ans_allundefined$$$ans_end$$$ans_allundefined$$$ans_end$$$ans_allundefined$$$ans_end$$$ans_allundefined$$$ans_end$$$ans_all$$$ans_all','2014-12-04 11:52:59','other'),
('26','34','555@qq.com','fdsfsdf$$$ans_end$$$ans_all565$$$ans_end$$$ans_allfdsfdsf$$$ans_end$$$ans_allfdsfs@ff.com$$$ans_end$$$ans_allfdsfds$$$ans_end$$$ans_all$$$ans_all','2014-12-05 01:32:47','other'),
('27','37','lzxto123-dnf@qq.com','卢智雄$$$ans_end$$$ans_all紫金港校区$$$ans_end$$$ans_all否$$$ans_end$$$ans_all否$$$ans_end$$$ans_all$$$ans_end$$$ans_all$$$ans_end$$$ans_all$$$ans_all','2014-12-05 10:47:17','other'),
('28','40','taoningying@sina.com','陶宁颖$$$ans_end$$$ans_all18868102502$$$ans_end$$$ans_alltaoningying@sina.com$$$ans_end$$$ans_all$$$ans_all','2014-12-05 12:10:59','other'),
('29','41','404764607@qq.com','123$$$ans_end$$$ans_all$$$ans_all','2014-12-05 06:05:35','other'),
('30','39','lzxto123-dnf@qq.com','卢智雄$$$ans_end$$$ans_all紫金港$$$ans_end$$$ans_all否$$$ans_end$$$ans_all否$$$ans_end$$$ans_all$$$ans_end$$$ans_all$$$ans_end$$$ans_all$$$ans_all','2014-12-05 10:34:28','other'),
('31','39','未注册用户','lll$$$ans_end$$$ans_all玉泉$$$ans_end$$$ans_all否$$$ans_end$$$ans_all否$$$ans_end$$$ans_all$$$ans_end$$$ans_all$$$ans_end$$$ans_all$$$ans_all','2014-12-05 10:35:44','other'),
('32','39','未注册用户','lll lll$$$ans_end$$$ans_all之江$$$ans_end$$$ans_all是$$$ans_end$$$ans_all是$$$ans_end$$$ans_alljjj$$$ans_end$$$ans_all18568$$$ans_end$$$ans_all$$$ans_all','2014-12-05 10:38:49','other'),
('33','39','未注册用户','钱晨辉$$$ans_end$$$ans_all玉泉$$$ans_end$$$ans_all否$$$ans_end$$$ans_all否$$$ans_end$$$ans_all$$$ans_end$$$ans_all$$$ans_end$$$ans_all$$$ans_all','2014-12-05 10:42:58','other'),
('34','39','未注册用户','9w','2014-12-05 10:58:52','other'),
('35','39','未注册用户','9w','2014-12-05 10:58:53','other'),
('36','46','lzxto123-dnf@qq.com','$$$ans_all','2014-12-05 11:30:29','other'),
('37','54','lzxto123-dnf@qq.com','Zero Lu$$$ans_end$$$ans_alliamzerolu@gmail.com$$$ans_end$$$ans_all12-8 All,dgdghrg&gdfghdfgh *gddsgr$$$ans_end$$$ans_all$$$ans_all','2014-12-05 11:51:54','other'),
('38','54','未注册用户','zero lu$$$ans_end$$$ans_alliamzeorl@dd.com$$$ans_end$$$ans_allqjdjnbd,dnnf 12_9 sat, mornin&evening$$$ans_end$$$ans_all$$$ans_all','2014-12-05 11:48:04','other'),
('39','39','未注册用户','$$$ans_all','2014-12-05 11:56:25','other'),
('40','39','未注册用户','$$$ans_all','2014-12-05 11:56:25','other'),
('41','39','未注册用户','ceshi$$$ans_end$$$ans_all紫金港$$$ans_end$$$ans_all否$$$ans_end$$$ans_all否$$$ans_end$$$ans_allfds$$$ans_end$$$ans_all321$$$ans_end$$$ans_all$$$ans_all','2014-12-06 12:22:50','other'),
('42','54','未注册用户','$$$ans_all','2014-12-06 01:01:52','other'),
('43','54','未注册用户','傅丽丽$$$ans_end$$$ans_all807935531@qq.com$$$ans_end$$$ans_allSun Mon Tue Thu $$$ans_end$$$ans_all$$$ans_all','2014-12-06 11:33:54','other'),
('44','54','未注册用户','急急急$$$ans_end$$$ans_all静静的活动$$$ans_end$$$ans_all精简版DV不懂$$$ans_all','2014-12-06 02:50:40','other'),
('45','39','未注册用户','近几年$$$ans_end$$$ans_all紫金港$$$ans_end$$$ans_all否$$$ans_end$$$ans_all是$$$ans_end$$$ans_all$$$ans_end$$$ans_all$$$ans_end$$$ans_all$$$ans_all','2014-12-06 03:11:14','other'),
('46','39','未注册用户','$$$ans_all','2014-12-06 03:23:20','other'),
('47','39','未注册用户','z$$$ans_end$$$ans_all紫金港$$$ans_end$$$ans_all是$$$ans_end$$$ans_all是$$$ans_end$$$ans_allnnnn,kmdmd$$$ans_end$$$ans_all699587$$$ans_end$$$ans_all$$$ans_all','2014-12-06 03:23:45','other'),
('48','54','未注册用户','hjhv$$$ans_end$$$ans_allbjdbbd$$$ans_end$$$ans_allzjjnx$$$ans_end$$$ans_all$$$ans_all','2014-12-06 03:24:47','other'),
('49','39','未注册用户','$$$ans_all','2014-12-06 04:18:10','other'),
('50','56','1234@1234.com','Zero$$$ans_end$$$ans_all男$$$ans_end$$$ans_all312359966$$$ans_end$$$ans_allEarth$$$ans_end$$$ans_all188$$$ans_end$$$ans_all125@qq.com$$$ans_end$$$ans_all1201$$$ans_end$$$ans_allchange the world$$$ans_end$$$ans_all$$$ans_all','2014-12-07 01:20:51','other'),
('51','39','未注册用户','$$$ans_all','2014-12-07 04:40:48','other'),
('52','56','未注册用户','黄晓阳$$$ans_end$$$ans_all男$$$ans_end$$$ans_all3120103547$$$ans_end$$$ans_all1231234$$$ans_end$$$ans_all191321321312$$$ans_end$$$ans_all1231234141$$$ans_end$$$ans_all23413414$$$ans_end$$$ans_allsell sugar water$$$ans_end$$$ans_all$$$ans_all','2014-12-07 07:08:05','other'),
('53','60','ayuh_zju@qq.com','$$$ans_all','2014-12-07 07:11:26','other'),
('54','57','ayuh_zju@qq.com','1234$$$ans_end$$$ans_all1234$$$ans_end$$$ans_all男$$$ans_end$$$ans_all1234$$$ans_end$$$ans_all1234$$$ans_end$$$ans_all134$$$ans_end$$$ans_all134134$$$ans_end$$$ans_allsell sugar water$$$ans_endchange the world$$$ans_end$$$ans_all$$$ans_all','2014-12-07 07:12:07','other'),
('55','57','404764607@qq.com','测试$$$ans_end$$$ans_all测试$$$ans_end$$$ans_all男$$$ans_end$$$ans_all123$$$ans_end$$$ans_all18868100713$$$ans_end$$$ans_all测试$$$ans_end$$$ans_all测试$$$ans_end$$$ans_allsell sugar water$$$ans_end$$$ans_all$$$ans_all','2014-12-08 10:27:31','other'),
('56','39','未注册用户','卢智雄测试$$$ans_end$$$ans_all西溪$$$ans_end$$$ans_all是$$$ans_end$$$ans_all是$$$ans_end$$$ans_all卢智雄城市$$$ans_end$$$ans_all94653961$$$ans_end$$$ans_all$$$ans_all','2014-12-08 11:11:33','other'),
('57','39','未注册用户','','2014-12-08 11:28:25','other'),
('58','39','未注册用户','','2014-12-08 11:29:40','other'),
('59','57','未注册用户','广泛$$$ans_end$$$ans_all地放松封锁$$$ans_end$$$ans_all男$$$ans_end$$$ans_all333$$$ans_end$$$ans_all点法官不得不发 $$$ans_end$$$ans_all广泛大国$$$ans_end$$$ans_all万人werew$$$ans_end$$$ans_all$$$ans_all$$$ans_all','2014-12-09 12:24:16','other'),
('60','57','未注册用户','单色光发动广大$$$ans_end$$$ans_all规定发给$$$ans_end$$$ans_all女$$$ans_end$$$ans_all2332$$$ans_end$$$ans_all3232$$$ans_end$$$ans_all2332·43特34$$$ans_end$$$ans_all特任$$$ans_end$$$ans_allchange the world$$$ans_end$$$ans_all$$$ans_all','2014-12-09 12:27:30','other'),
('61','64','未注册用户','还HBV$$$ans_end$$$ans_all99985$$$ans_end$$$ans_allikjdbs @jdjbd$$$ans_end$$$ans_all但不得不$$$ans_end$$$ans_all$$$ans_all','2014-12-09 12:36:25','other'),
('62','64','未注册用户','几句话$$$ans_end$$$ans_all664$$$ans_end$$$ans_allhshhs$$$ans_end$$$ans_all好的话$$$ans_end$$$ans_all$$$ans_all','2014-12-09 12:37:17','other'),
('63','39','未注册用户','快捷酒店$$$ans_end$$$ans_all之江$$$ans_end$$$ans_all否$$$ans_end$$$ans_all否$$$ans_end$$$ans_all呵呵$$$ans_end$$$ans_all$$$ans_end$$$ans_all$$$ans_all','2014-12-09 12:38:55','other'),
('64','39','未注册用户','','2014-12-09 12:58:01','other'),
('65','39','未注册用户','','2014-12-09 01:10:45','other'),
('66','39','未注册用户','hhv','2014-12-09 01:23:55','other'),
('67','39','未注册用户','','2014-12-09 01:31:17','other'),
('68','39','未注册用户','','2014-12-09 01:32:12','other'),
('69','39','未注册用户','','2014-12-09 01:33:55','other'),
('70','39','未注册用户','发送到$$$ans_end$$$ans_all玉泉$$$ans_end$$$ans_all是$$$ans_end$$$ans_all否$$$ans_end$$$ans_all$$$ans_end$$$ans_all$$$ans_end$$$ans_all$$$ans_all','2014-12-09 01:41:44','newpage'),
('71','39','未注册用户','Aϳ','2014-12-09 01:45:29','other'),
('72','39','未注册用户','vvvvvv ','2014-12-09 01:50:58','other'),
('73','39','未注册用户','vvvvvv ','2014-12-09 01:51:21','other'),
('74','39','未注册用户','','2014-12-09 01:51:59','other'),
('75','39','未注册用户','vf','2014-12-09 01:55:50','other'),
('76','39','未注册用户','','2014-12-09 02:05:50','other'),
('77','39','未注册用户','','2014-12-09 02:34:00','other'),
('78','39','未注册用户','','2014-12-09 02:35:39','other'),
('79','39','未注册用户','frweregergrege','2014-12-09 02:36:21','other'),
('80','67','zjdxwuwochashe@163.com','$$$ans_all','2014-12-11 06:33:58','other'),
('81','70','未注册用户','','2014-12-20 09:44:07','other'),
('82','70','未注册用户','卢智雄$$$ans_end$$$ans_all男$$$ans_end$$$ans_all3120103599$$$ans_end$$$ans_all反倒是$$$ans_end$$$ans_all发送到$$$ans_end$$$ans_all发送到$$$ans_end$$$ans_all发送到$$$ans_end$$$ans_all防守对方$$$ans_end佛挡杀佛$$$ans_end$$$ans_all$$$ans_all','2014-12-20 10:11:22','other'),
('83','70','未注册用户','非得卢智雄$$$ans_end$$$ans_all男$$$ans_end$$$ans_all23$$$ans_end$$$ans_all32$$$ans_end$$$ans_all32$$$ans_end$$$ans_all32$$$ans_end$$$ans_all23$$$ans_end$$$ans_all32$$$ans_end32$$$ans_end$$$ans_all$$$ans_all','2014-12-23 03:13:03','other'),
('84','71','未注册用户','','2014-12-23 10:50:02','other'),
('85','71','未注册用户','dfs lzx$$$ans_end$$$ans_all男$$$ans_end$$$ans_all2332$$$ans_end$$$ans_all23$$$ans_end$$$ans_all32$$$ans_end$$$ans_end$$$ans_all23$$$ans_end$$$ans_all23$$$ans_end$$$ans_all$$$ans_all','2014-12-23 11:43:32','other');
DROP TABLE IF EXISTS  `survey`;
CREATE TABLE `survey` (
  `q1` text NOT NULL,
  `q2` text NOT NULL,
  `q3` text NOT NULL,
  `q4` text NOT NULL,
  `q5` text NOT NULL,
  `q6` text NOT NULL,
  `q7` text NOT NULL,
  `q8` text NOT NULL,
  `q9` text NOT NULL,
  `q10` text NOT NULL
) ENGINE=InnoDB DEFAULT CHARSET=gbk;

insert into `survey`(`q1`,`q2`,`q3`,`q4`,`q5`,`q6`,`q7`,`q8`,`q9`,`q10`) values
('q1-mul2','是，并且在纳新过程中使用','手机发短信&爱玩客河口区文件和进口权威和科技&','可有可无','很需要','免费才愿意用','会设计','q8-mul2&三点定位打球&','q9-mul2&请注明&',''),
('q1-mul2','是，并且在纳新过程中使用','手机发短信&爱玩客河口区文件和进口权威和科技&','可有可无','很需要','免费才愿意用','会设计','q8-mul2&三点定位打球&','q9-mul2&请注明&',''),
('q1-mul4&q1-mul8&','否，暂无此类打算','其他方式（请注明）&请注明&','不需要','可有可无','免费才愿意用','会考虑','q8-mul1&q8-mul2&请注明&','q9-mul2&q9-mul4&请注明&','gweergwerg'),
('q1-mul1&q1-mul2&q1-mul3&q1-mul4&q1-mul6&','是，但纳新时不怎么用','手机发短信&请注明&','可有可无','很需要','免费才愿意用','不感兴趣','q8-mul1&请注明&','q9-mul1&请注明&',''),
('q1-mul1&q1-mul2&q1-mul3&q1-mul4&q1-mul6&','是，但纳新时不怎么用','手机发短信&请注明&','可有可无','很需要','免费才愿意用','不感兴趣','q8-mul1&请注明&','q9-mul1&请注明&',''),
('q1-mul4&q1-mul5&q1-mul8&','否，暂无此类打算','其他方式（请注明）&是的&','很需要','不需要','免费才愿意用','会考虑','q8-mul2&请注明&','橘红','是对的 这是
测试'),
('q1-mul1&q1-mul4&q1-mul7&q1-mul8&q1-mul9-*&','是，并且在纳新过程中使用','发飞信&请注明&','不需要','可有可无','免费才愿意用','会考虑','q8-mul2&q8-mul3&请注明&','搭配吧','暂时没有建议，详细了解之后可以提出。'),
('q1-mul1&q1-mul2&q1-mul3&q1-mul4&q1-mul6&q1-mul7&q1-mul8&q1-mul9-*&','是，并且在纳新过程中使用','发飞信&请注明&','可有可无','很需要','免费才愿意用','会考虑','q8-mul2&q8-mul3&请注明&','q9-mul4&请注明&',''),
('q1-mul1&q1-mul2&q1-mul3&q1-mul4&q1-mul5&q1-mul7&','是，并且在纳新过程中使用','发飞信&请注明&','很需要','很需要','免费才愿意用','会设计','q8-mul1&请注明&','q9-mul4&请注明&','希望界面尽可能的简介，操作比较人性，需要有安卓系统的app'),
('q1-mul1&q1-mul4&q1-mul5&','否，但之后可能会开通','发飞信&请注明&','很需要','很需要','我不想用','会设计','q8-mul2&q8-mul3&请注明&','q9-mul1&q9-mul4&请注明&','');
DROP TABLE IF EXISTS  `click`;
CREATE TABLE `click` (
  `id` int(11) NOT NULL AUTO_INCREMENT,
  `time` varchar(11) NOT NULL,
  `form_id` int(11) NOT NULL,
  PRIMARY KEY (`id`)
) ENGINE=InnoDB AUTO_INCREMENT=64 DEFAULT CHARSET=gbk;

insert into `click`(`id`,`time`,`form_id`) values
('1','2014-11-11','29'),
('2','2014-11-11','29'),
('3','2014-11-11','29'),
('4','2014-11-11','29'),
('5','2014-11-11','27'),
('6','2014-11-11','25'),
('7','2014-11-11','25'),
('8','2014-11-12','27'),
('9','2014-11-12','28'),
('10','2014-11-12','29'),
('11','2014-11-13','30'),
('12','2014-11-13','30'),
('13','2014-11-13','30'),
('14','2014-11-13','30'),
('15','2014-11-13','30'),
('16','2014-11-13','30'),
('17','2014-11-13','30'),
('18','2014-11-16','30'),
('19','2014-12-01','33'),
('20','2014-12-03','36'),
('21','2014-12-03','33'),
('22','2014-12-04','36'),
('23','2014-12-04','33'),
('24','2014-12-04','34'),
('25','2014-12-05','34'),
('26','2014-12-05','36'),
('27','2014-12-05','37'),
('28','2014-12-05','36'),
('29','2014-12-05','43'),
('30','2014-12-05','38'),
('31','2014-12-05','40'),
('32','2014-12-05','40'),
('33','2014-12-05','40'),
('34','2014-12-05','40'),
('35','2014-12-05','39'),
('36','2014-12-05','41'),
('37','2014-12-05','41'),
('38','2014-12-05','39'),
('39','2014-12-05','39'),
('40','2014-12-05','46'),
('41','2014-12-05','54'),
('42','2014-12-07','56'),
('43','2014-12-07','56'),
('44','2014-12-07','56'),
('45','2014-12-07','57'),
('46','2014-12-08','57'),
('47','2014-12-08','57'),
('48','2014-12-08','57'),
('49','2014-12-09','61'),
('50','2014-12-09','61'),
('51','2014-12-09','61'),
('52','2014-12-09','62'),
('53','2014-12-09','63'),
('54','2014-12-09','64'),
('55','2014-12-09','64'),
('56','2014-12-20','68'),
('57','2014-12-20','68'),
('58','2014-12-20','69'),
('59','2014-12-20','68'),
('60','2014-12-20','68'),
('61','2014-12-20','68'),
('62','2014-12-20','68'),
('63','2014-12-25','72');
DROP TABLE IF EXISTS  `question`;
CREATE TABLE `question` (
  `form_id` int(11) NOT NULL AUTO_INCREMENT,
  `username` text CHARACTER SET utf8 NOT NULL,
  `form_title` text CHARACTER SET utf8 NOT NULL,
  `form_intro` text CHARACTER SET utf8 NOT NULL,
  `question_string` text CHARACTER SET utf8 NOT NULL,
  `form_tip` text CHARACTER SET utf8 NOT NULL,
  `Date` datetime NOT NULL,
  `click_times` int(11) NOT NULL,
  `answer_times` int(11) NOT NULL,
  `formstate` int(1) DEFAULT '1',
  PRIMARY KEY (`form_id`)
) ENGINE=InnoDB AUTO_INCREMENT=73 DEFAULT CHARSET=gbk;

insert into `question`(`form_id`,`username`,`form_title`,`form_intro`,`question_string`,`form_tip`,`Date`,`click_times`,`answer_times`,`formstate`) values
('1','404764607@qq.com','请在这里输入报名表的名字','<p>请在这里输入报名表的说明</p>','姓名$$$quetit_endlogic-name$$$quetyp_end$$$quebod_endrequired$$$que_end性别$$$quetit_endlogic-sex$$$quetyp_end男$$$quebod_end女$$$quebod_endrequired$$$que_end学号$$$quetit_endlogic-studentID$$$quetyp_end$$$quebod_endrequired$$$que_end住址$$$quetit_endlogic-address$$$quetyp_end$$$quebod_endrequired$$$que_end电话长短号$$$quetit_endlogic-tel$$$quetyp_end$$$quebod_endrequired$$$que_end邮箱$$$quetit_endlogic-email$$$quetyp_end$$$quebod_endrequired$$$que_end专业班级$$$quetit_endlogic-class$$$quetyp_end$$$quebod_endrequired$$$que_end','<p>请在这里输入报名表的说明</p>','2014-09-01 06:45:40','1','0','1'),
('2','404764607@qq.com','请在这里输入报名表的名字','<p>请在这里输入报名表的说明</p>','姓名$$$quetit_endlogic-name$$$quetyp_end$$$quebod_endrequired$$$que_end性别$$$quetit_endlogic-sex$$$quetyp_end男$$$quebod_end女$$$quebod_endrequired$$$que_end学号$$$quetit_endlogic-studentID$$$quetyp_end$$$quebod_endrequired$$$que_end住址$$$quetit_endlogic-address$$$quetyp_end$$$quebod_endrequired$$$que_end电话长短号$$$quetit_endlogic-tel$$$quetyp_end$$$quebod_endrequired$$$que_end邮箱$$$quetit_endlogic-email$$$quetyp_end$$$quebod_endrequired$$$que_end专业班级$$$quetit_endlogic-class$$$quetyp_end$$$quebod_endrequired$$$que_end','请在这里输入报名表的注意事项','2014-09-01 07:14:34','0','0','1'),
('3','404764607@qq.com','请在这里输入报名表的名字','<p>请在这里输入报名表的说明</p>','姓名$$$quetit_endlogic-name$$$quetyp_end$$$quebod_endrequired$$$que_end性别$$$quetit_endlogic-sex$$$quetyp_end男$$$quebod_end女$$$quebod_endrequired$$$que_end学号$$$quetit_endlogic-studentID$$$quetyp_end$$$quebod_endrequired$$$que_end住址$$$quetit_endlogic-address$$$quetyp_end$$$quebod_endrequired$$$que_end电话长短号$$$quetit_endlogic-tel$$$quetyp_end$$$quebod_endrequired$$$que_end邮箱$$$quetit_endlogic-email$$$quetyp_end$$$quebod_endrequired$$$que_end专业班级$$$quetit_endlogic-class$$$quetyp_end$$$quebod_endrequired$$$que_end','请在这里输入报名表的注意事项','2014-09-01 07:42:35','1','0','1'),
('4','404764607@qq.com','请在这里输入报名表的名字','<p>请在这里输入报名表的说明</p>','姓名$$$quetit_endlogic-name$$$quetyp_end$$$quebod_endrequired$$$que_end性别$$$quetit_endlogic-sex$$$quetyp_end男$$$quebod_end女$$$quebod_endrequired$$$que_end学号$$$quetit_endlogic-studentID$$$quetyp_end$$$quebod_endrequired$$$que_end住址$$$quetit_endlogic-address$$$quetyp_end$$$quebod_endrequired$$$que_end电话长短号$$$quetit_endlogic-tel$$$quetyp_end$$$quebod_endrequired$$$que_end邮箱$$$quetit_endlogic-email$$$quetyp_end$$$quebod_endrequired$$$que_end专业班级$$$quetit_endlogic-class$$$quetyp_end$$$quebod_endrequired$$$que_end','请在这里输入报名表的注意事项','2014-09-02 08:28:16','1','0','1'),
('11','404764607@qq.com','请在这里输入报名表的名字','<p>请在这里输入报名表的说明</p>','请在这里输入题干内容$$$quetit_endfree-file$$$quetyp_end$$$quebod_endrequired$$$que_end','请在这里输入报名表的注意事项','2014-10-03 03:33:40','1','0','1'),
('13','404764607@qq.com','请在这里输入报名表的名字','<p>请在这里输入报名表的说明</p>','姓名$$$quetit_endlogic-name$$$quetyp_end$$$quebod_endrequired$$$que_end性别$$$quetit_endlogic-sex$$$quetyp_end男$$$quebod_end女$$$quebod_endrequired$$$que_end学号$$$quetit_endlogic-studentID$$$quetyp_end$$$quebod_endrequired$$$que_end住址$$$quetit_endlogic-address$$$quetyp_end$$$quebod_endrequired$$$que_end电话长短号$$$quetit_endlogic-tel$$$quetyp_end$$$quebod_endrequired$$$que_end邮箱$$$quetit_endlogic-email$$$quetyp_end$$$quebod_endrequired$$$que_end123专业班级$$$quetit_endlogic-class$$$quetyp_end$$$quebod_endrequired$$$que_end请在这里输入题干内容$$$quetit_endfree-file$$$quetyp_end$$$quebod_endrequired$$$que_end','请在这里输入报名表的注意事项','2014-10-10 01:35:13','0','0','1'),
('14','404764607@qq.com','请在这里输入报名表的名字','<p>请在这里输入报名表的说明</p>','请在这里输入题干内容$$$quetit_endfree-file$$$quetyp_end$$$quebod_endrequired$$$que_end姓名$$$quetit_endlogic-name$$$quetyp_end$$$quebod_endrequired$$$que_end性别$$$quetit_endlogic-sex$$$quetyp_end男$$$quebod_end女$$$quebod_endrequired$$$que_end学号$$$quetit_endlogic-studentID$$$quetyp_end$$$quebod_endrequired$$$que_end住址$$$quetit_endlogic-address$$$quetyp_end$$$quebod_endrequired$$$que_end电话长短号$$$quetit_endlogic-tel$$$quetyp_end$$$quebod_endrequired$$$que_end邮箱$$$quetit_endlogic-email$$$quetyp_end$$$quebod_endrequired$$$que_end专业班级$$$quetit_endlogic-class$$$quetyp_end$$$quebod_endrequired$$$que_end','请在这里输入报名表的注意事项','2014-10-10 01:35:50','1','0','1'),
('15','404764607@qq.com','请在这里输入报名表的名字','<p>请在这里输入报名表的说明</p>','请在这里输入题干内容$$$quetit_endfree-singleline$$$quetyp_end$$$quebod_endrequired$$$que_end','请在这里输入报名表的注意事项','2014-10-10 01:55:12','0','0','1'),
('16','404764607@qq.com','请在这里输入报名表的名字','<p>请在这里输入报名表的说明</p>','请在这里输入题干内容$$$quetit_endfree-singleline$$$quetyp_end$$$quebod_endrequired$$$que_end姓名$$$quetit_endlogic-name$$$quetyp_end$$$quebod_endrequired$$$que_end性别$$$quetit_endlogic-sex$$$quetyp_end男$$$quebod_end女$$$quebod_endrequired$$$que_end学号$$$quetit_endlogic-studentID$$$quetyp_end$$$quebod_endrequired$$$que_end住址$$$quetit_endlogic-address$$$quetyp_end$$$quebod_endrequired$$$que_end电话长短号$$$quetit_endlogic-tel$$$quetyp_end$$$quebod_endrequired$$$que_end邮箱$$$quetit_endlogic-email$$$quetyp_end$$$quebod_endrequired$$$que_end专业班级$$$quetit_endlogic-class$$$quetyp_end$$$quebod_endrequired$$$que_end','请在这里输入报名表的注意事项','2014-10-10 01:55:24','0','0','1'),
('17','404764607@qq.com','请在这里输入报名表的名字','<p>请在这里输入报名表的说明</p>','请在这里输入题干内容$$$quetit_endfree-singleline$$$quetyp_end$$$quebod_endrequired$$$que_end姓名$$$quetit_endlogic-name$$$quetyp_end$$$quebod_endrequired$$$que_end性别$$$quetit_endlogic-sex$$$quetyp_end男$$$quebod_end女$$$quebod_endrequired$$$que_end学号$$$quetit_endlogic-studentID$$$quetyp_end$$$quebod_endrequired$$$que_end住址$$$quetit_endlogic-address$$$quetyp_end$$$quebod_endrequired$$$que_end电话长短号$$$quetit_endlogic-tel$$$quetyp_end$$$quebod_endrequired$$$que_end邮箱$$$quetit_endlogic-email$$$quetyp_end$$$quebod_endrequired$$$que_end专业班级$$$quetit_endlogic-class$$$quetyp_end$$$quebod_endrequired$$$que_end','请在这里输入报名表的注意事项','2014-10-10 01:56:05','0','0','1'),
('18','404764607@qq.com','请在这里输入报名表的名字','<p>请在这里输入报名表的说明</p>','请在这里输入题干内容$$$quetit_endfree-singleline$$$quetyp_end$$$quebod_endrequired$$$que_end姓名$$$quetit_endlogic-name$$$quetyp_end$$$quebod_endrequired$$$que_end性别$$$quetit_endlogic-sex$$$quetyp_end男$$$quebod_end女$$$quebod_endrequired$$$que_end学号$$$quetit_endlogic-studentID$$$quetyp_end$$$quebod_endrequired$$$que_end住址$$$quetit_endlogic-address$$$quetyp_end$$$quebod_endrequired$$$que_end电话长短号$$$quetit_endlogic-tel$$$quetyp_end$$$quebod_endrequired$$$que_end邮箱$$$quetit_endlogic-email$$$quetyp_end$$$quebod_endrequired$$$que_end专业班级$$$quetit_endlogic-class$$$quetyp_end$$$quebod_endrequired$$$que_end','请在这里输入报名表的注意事项','2014-10-10 01:56:09','0','0','1'),
('19','404764607@qq.com','请在这里输入报名表的名字','<p>请在这里输入报名表的说明</p>','请在这里输入题干内容$$$quetit_endfree-singleline$$$quetyp_end$$$quebod_endrequired$$$que_end姓名$$$quetit_endlogic-name$$$quetyp_end$$$quebod_endrequired$$$que_end性别$$$quetit_endlogic-sex$$$quetyp_end男$$$quebod_end女$$$quebod_endrequired$$$que_end学号$$$quetit_endlogic-studentID$$$quetyp_end$$$quebod_endrequired$$$que_end住址$$$quetit_endlogic-address$$$quetyp_end$$$quebod_endrequired$$$que_end电话长短号$$$quetit_endlogic-tel$$$quetyp_end$$$quebod_endrequired$$$que_end邮箱$$$quetit_endlogic-email$$$quetyp_end$$$quebod_endrequired$$$que_end专业班级$$$quetit_endlogic-class$$$quetyp_end$$$quebod_endrequired$$$que_end','请在这里输入报名表的注意事项','2014-10-10 01:56:16','0','0','1'),
('20','404764607@qq.com','请在这里输入报名表的名字','<p>请在这里输入报名表的说明</p>','姓名$$$quetit_endlogic-name$$$quetyp_end$$$quebod_endrequired$$$que_end性别$$$quetit_endlogic-sex$$$quetyp_end男$$$quebod_end女$$$quebod_endrequired$$$que_end学号$$$quetit_endlogic-studentID$$$quetyp_end$$$quebod_endrequired$$$que_end住址$$$quetit_endlogic-address$$$quetyp_end$$$quebod_endrequired$$$que_end电话长短号$$$quetit_endlogic-tel$$$quetyp_end$$$quebod_endrequired$$$que_end邮箱$$$quetit_endlogic-email$$$quetyp_end$$$quebod_endrequired$$$que_end专业班级$$$quetit_endlogic-class$$$quetyp_end$$$quebod_endrequired$$$que_end','请在这里输入报名表的注意事项','2014-10-10 01:56:34','1','0','1'),
('28','lzxto123-dnf@qq.com','“西湖骑行”报名表','活动时间在11月22日和23日，大家注意时间，自行选择哦~~','姓名$$$quetit_endlogic-name$$$quetyp_end$$$quebod_endrequired$$$que_end性别$$$quetit_endlogic-sex$$$quetyp_end男$$$quebod_end女$$$quebod_endrequired$$$que_end电话长短号$$$quetit_endlogic-tel$$$quetyp_end$$$quebod_endrequired$$$que_end合适的时间段$$$quetit_endfree-multichoice$$$quetyp_end11月22日$$$quebod_end11月23日$$$quebod_endrequired$$$que_end','多谢填表！','2014-11-12 11:08:05','11','0','1'),
('29','lzxto123-dnf@qq.com','活动报名表测试（赣协同学进）','看看好不好用哈，好用下次就可以试下','姓名$$$quetit_endlogic-name$$$quetyp_end$$$quebod_endrequired$$$que_end性别$$$quetit_endlogic-sex$$$quetyp_end男$$$quebod_end女$$$quebod_endrequired$$$que_end学号$$$quetit_endlogic-studentID$$$quetyp_end$$$quebod_endrequired$$$que_end住址$$$quetit_endlogic-address$$$quetyp_end$$$quebod_endrequired$$$que_end电话长短号$$$quetit_endlogic-tel$$$quetyp_end$$$quebod_endrequired$$$que_end邮箱$$$quetit_endlogic-email$$$quetyp_end$$$quebod_endrequired$$$que_end专业班级$$$quetit_endlogic-class$$$quetyp_end$$$quebod_endrequired$$$que_end你的皂片$$$quetit_endfree-personalphoto$$$quetyp_end$$$quebod_endrequired$$$que_end','嗯','2014-11-12 11:17:36','13','0','1'),
('30','lzxto123-dnf@qq.com','结构大赛','说明','姓名$$$quetit_endlogic-name$$$quetyp_end$$$quebod_endrequired$$$que_end性别$$$quetit_endlogic-sex$$$quetyp_end男$$$quebod_end女$$$quebod_end$$$quebod_endrequired$$$que_end学号$$$quetit_endlogic-studentID$$$quetyp_end$$$quebod_endrequired$$$que_end住址$$$quetit_endlogic-address$$$quetyp_end$$$quebod_endrequired$$$que_end电话长短号$$$quetit_endlogic-tel$$$quetyp_end$$$quebod_endrequired$$$que_end邮箱$$$quetit_endlogic-email$$$quetyp_end$$$quebod_endrequired$$$que_end专业班级$$$quetit_endlogic-class$$$quetyp_end$$$quebod_endrequired$$$que_end作品$$$quetit_endfree-file$$$quetyp_end$$$quebod_endrequired$$$que_end请在这里输入题干内容$$$quetit_endfree-multichoice$$$quetyp_endrequired$$$que_end请在这里输入题干内容$$$quetit_endfree-singlechoice$$$quetyp_end佛挡杀佛$$$quebod_end对方是否$$$quebod_end佛挡杀佛$$$quebod_end发生的$$$quebod_endrequired$$$que_end','发生的','2014-11-13 12:47:18','15','0','1'),
('31','','','','','','2014-11-16 04:23:01','0','0','1'),
('32','','','','','','2014-11-22 01:14:36','0','0','1'),
('35','zjuzjgjy@163.com','','','','','2014-12-03 10:46:30','0','0','1'),
('37','lzxto123-dnf@qq.com','EPD回国接机事宜统计表','用于统计EPD回国信息，若第4题无人接机，5、6接机人的姓名及联系方式无需填写，','姓名$$$quetit_endlogic-name$$$quetyp_end$$$quebod_endrequired$$$que_end到达当日所需返回的校区$$$quetit_endfree-singleline$$$quetyp_end$$$quebod_endrequired$$$que_end是否有家长开车接送？$$$quetit_endfree-singlechoice$$$quetyp_end是$$$quebod_end否$$$quebod_endrequired$$$que_end是否有家长或同学乘校车来接机（21：30紫金港大门口出发）？$$$quetit_endfree-singlechoice$$$quetyp_end是$$$quebod_end否$$$quebod_endrequired$$$que_end接机人姓名$$$quetit_endfree-singleline$$$quetyp_end$$$quebod_endalternative$$$que_end接机人联系方式$$$quetit_endfree-singleline$$$quetyp_end$$$quebod_endalternative$$$que_end','由EPD组长卢智雄创建','2014-12-05 10:40:08','8','1','1'),
('38','lzxto123-dnf@qq.com','EPD回国接机事宜统计表','用于统计EPD回国信息，若第4题无人接机，5、6接机人的姓名及联系方式无需填写。','姓名$$$quetit_endlogic-name$$$quetyp_end$$$quebod_endrequired$$$que_end到达当日需返回的校区$$$quetit_endfree-singlechoice$$$quetyp_end紫金港$$$quebod_end玉泉$$$quebod_end西溪$$$quebod_end华家池$$$quebod_end之江$$$quebod_endrequired$$$que_end是否有家长开车接送$$$quetit_endfree-singlechoice$$$quetyp_end是$$$quebod_end否$$$quebod_endrequired$$$que_end是否有同学或家长接机$$$quetit_endfree-singlechoice$$$quetyp_end是$$$quebod_end否$$$quebod_endrequired$$$que_end接机人姓名$$$quetit_endlogic-name$$$quetyp_end$$$quebod_endalternative$$$que_end接机人电话$$$quetit_endlogic-tel$$$quetyp_end$$$quebod_endalternative$$$que_end','EPD卢智雄创建','2014-12-05 10:57:02','2','0','1'),
('39','lzxto123-dnf@qq.com','EPD回国接机事宜统计表','用于统计EPD回国信息，若第4题无人接机，5、6接机人的姓名及联系方式无需填写。','姓名$$$quetit_endlogic-name$$$quetyp_end$$$quebod_endrequired$$$que_end到达当日需返回的校区$$$quetit_endfree-singlechoice$$$quetyp_end紫金港$$$quebod_end玉泉$$$quebod_end西溪$$$quebod_end华家池$$$quebod_end之江$$$quebod_endrequired$$$que_end是否有家长开车接送$$$quetit_endfree-singlechoice$$$quetyp_end是$$$quebod_end否$$$quebod_endrequired$$$que_end是否有同学或家长接机$$$quetit_endfree-singlechoice$$$quetyp_end是$$$quebod_end否$$$quebod_endrequired$$$que_end接机人姓名$$$quetit_endlogic-name$$$quetyp_end$$$quebod_endalternative$$$que_end接机人电话$$$quetit_endlogic-tel$$$quetyp_end$$$quebod_endalternative$$$que_end','EPD卢智雄创建','2014-12-05 11:06:38','43','34','1'),
('40','taoningying@sina.com','测试版','飞信测试','姓名$$$quetit_endlogic-name$$$quetyp_end$$$quebod_endrequired$$$que_end电话长短号$$$quetit_endlogic-tel$$$quetyp_end$$$quebod_endrequired$$$que_end邮箱$$$quetit_endlogic-email$$$quetyp_end$$$quebod_endrequired$$$que_end','仅为测试','2014-12-05 11:51:43','7','1','1'),
('41','404764607@qq.com','报名纳新','请在这里输入报名表的说明','名字$$$quetit_endfree-singleline$$$quetyp_end$$$quebod_endrequired$$$que_end','请在这里输入报名表的注意事项','2014-12-05 06:05:23','2','1','1'),
('42','lvzhiyuan1999@126.com','','','','','2014-12-05 06:57:00','0','0','1'),
('44','lzxto123-dnf@qq.com','请在这里输入报名表的名字','Sharon Lim from SUTD Career Development offered the class of Entrepreneurship an opportunity to visit NUS incubator.','','请在这里输入报名表的注意事项','2014-12-05 11:23:20','0','0','1'),
('45','lzxto123-dnf@qq.com','请在这里输入报名表的名字','Sharon Lim from SUTD Career Development offered the class of Entrepreneurship an opportunity to visit NUS incubator. An entrepreneur would give us an introduction and we are free to ask any questions.','','','2014-12-05 11:25:54','0','0','1'),
('46','lzxto123-dnf@qq.com','A Trip to NUS Incubator','Sharon Lim from SUTD Career Development offered the class of Entrepreneurship an opportunity to visit NUS incubator. An entrepreneur would give us an introduction and we are free to ask any questions.','','','2014-12-05 11:30:08','3','1','1'),
('48','lzxto123-dnf@qq.com','A Trip to NUS Incubator','This form is designed to collect the schedule of the class to arrange the time.','','','2014-12-05 11:38:08','0','0','1'),
('49','lzxto123-dnf@qq.com','A Visit to NUS Incubator','请在这里输入报名表的说明','Name$$$quetit_endlogic-name$$$quetyp_end$$$quebod_endrequired$$$que_end','请在这里输入报名表的注意事项','2014-12-05 11:38:32','0','0','1'),
('51','lzxto123-dnf@qq.com','A Visit to NUS Incubator','This form is designed to collect the schedule of the class to arrange the time','Name$$$quetit_endlogic-name$$$quetyp_end$$$quebod_endrequired$$$que_endEmail Address (For updates and reminders)$$$quetit_endfree-singleline$$$quetyp_end$$$quebod_endrequired$$$que_endAvaliable Time$$$quetit_endfree-multiline$$$quetyp_end$$$quebod_endrequired$$$que_end','Thx','2014-12-05 11:40:36','0','0','1'),
('52','lzxto123-dnf@qq.com','A Visit to NUS Incubator','This form is designed to collect the schedule of the class to arrange the time.','','','2014-12-05 11:41:14','0','0','1'),
('53','lzxto123-dnf@qq.com','A Visit to NUS Incubator','This form is designed to collect the schedule of the class to arrange the time.','','','2014-12-05 11:41:26','0','0','1'),
('54','lzxto123-dnf@qq.com','A Visit to NUS Incubator','This form is designed to collect the schedule of the class to arrange the time.','Name$$$quetit_endlogic-name$$$quetyp_end$$$quebod_endrequired$$$que_endEmail Address (For updates and reminders)$$$quetit_endfree-singleline$$$quetyp_end$$$quebod_endrequired$$$que_endAvaliable Time(The more the better)$$$quetit_endfree-multiline$$$quetyp_end$$$quebod_endrequired$$$que_end','Thx','2014-12-05 11:41:47','16','6','1'),
('55','lzxto123-dnf@qq.com','yyvtvtvcrvfr','','','','2014-12-06 03:45:13','0','0','1'),
('56','test@test.com','A new form','请在这里输入报名表的说明','姓名$$$quetit_endlogic-name$$$quetyp_end$$$quebod_endrequired$$$que_end性别$$$quetit_endlogic-sex$$$quetyp_end男$$$quebod_end女$$$quebod_endrequired$$$que_end学号$$$quetit_endlogic-studentID$$$quetyp_end$$$quebod_endrequired$$$que_end住址$$$quetit_endlogic-address$$$quetyp_end$$$quebod_endrequired$$$que_end电话长短号$$$quetit_endlogic-tel$$$quetyp_end$$$quebod_endrequired$$$que_end邮箱$$$quetit_endlogic-email$$$quetyp_end$$$quebod_endrequired$$$que_end专业班级$$$quetit_endlogic-class$$$quetyp_end$$$quebod_endrequired$$$que_endWhat is your dream$$$quetit_endfree-singlechoice$$$quetyp_endsell sugar water$$$quebod_endchange the world$$$quebod_endrequired$$$que_end','Thanks!','2014-12-07 12:07:07','9','2','1'),
('57','1234@1234.com','Another good event','Welcome!','请在这里输入题干内容$$$quetit_endfree-singleline$$$quetyp_end$$$quebod_endrequired$$$que_end姓名$$$quetit_endlogic-name$$$quetyp_end$$$quebod_endrequired$$$que_end性别$$$quetit_endlogic-sex$$$quetyp_end男$$$quebod_end女$$$quebod_endrequired$$$que_end学号$$$quetit_endlogic-studentID$$$quetyp_end$$$quebod_endrequired$$$que_end电话长短号$$$quetit_endlogic-tel$$$quetyp_end$$$quebod_endrequired$$$que_end邮箱$$$quetit_endlogic-email$$$quetyp_end$$$quebod_endrequired$$$que_end专业班级$$$quetit_endlogic-class$$$quetyp_end$$$quebod_endrequired$$$que_endWhat is your dream?$$$quetit_endfree-multichoice$$$quetyp_endsell sugar water$$$quebod_endchange the world$$$quebod_endalternative$$$que_end','Thanks!','2014-12-07 01:17:10','25','4','1'),
('58','ayuh_zju@qq.com','1234123413','请在这里输入报名表的说明','','请在这里输入报名表的注意事项','2014-12-07 07:08:50','0','0','1'),
('59','ayuh_zju@qq.com','1234123413','请在这里输入报名表的说明','','请在这里输入报名表的注意事项','2014-12-07 07:09:34','0','0','1'),
('60','ayuh_zju@qq.com','请在这里输入报名表的名字','1431234','姓名$$$quetit_endlogic-name$$$quetyp_end$$$quebod_endrequired$$$que_end性别$$$quetit_endlogic-sex$$$quetyp_end男$$$quebod_end女$$$quebod_endrequired$$$que_end学号$$$quetit_endlogic-studentID$$$quetyp_end$$$quebod_endrequired$$$que_end住址$$$quetit_endlogic-address$$$quetyp_end$$$quebod_endrequired$$$que_end电话长短号$$$quetit_endlogic-tel$$$quetyp_end$$$quebod_endrequired$$$que_end邮箱$$$quetit_endlogic-email$$$quetyp_end$$$quebod_endrequired$$$que_end专业班级$$$quetit_endlogic-class$$$quetyp_end$$$quebod_endrequired$$$que_end请在这里输入题干内容$$$quetit_endfree-singleline$$$quetyp_end$$$quebod_endrequired$$$que_end请在这里输入题干内容$$$quetit_endfree-singleline$$$quetyp_end$$$quebod_endrequired$$$que_end请在这里输入题干内容$$$quetit_endfree-file$$$quetyp_end$$$quebod_endrequired$$$que_end请在这里输入题干内容$$$quetit_endfree-personalphoto$$$quetyp_end$$$quebod_endrequired$$$que_end请在这里输入题干内容$$$quetit_endfree-singlechoice$$$quetyp_endrequired$$$que_end请在这里输入题干内容$$$quetit_endfree-singlechoice$$$quetyp_endrequired$$$que_end3143$$$quetit_endfree-file$$$quetyp_end$$$quebod_endrequired$$$que_end13123$$$quetit_endfree-singleline$$$quetyp_end$$$quebod_endrequired$$$que_end14312$$$quetit_endfree-personalphoto$$$quetyp_end$$$quebod_endrequired$$$que_end143143$$$quetit_endfree-file$$$quetyp_end$$$quebod_endrequired$$$que_end请在这里输入题干内容$$$quetit_endfree-file$$$quetyp_end$$$quebod_endrequired$$$que_end143$$$quetit_endfree-singleline$$$quetyp_end$$$quebod_endrequired$$$que_end13412341$$$quetit_endfree-multiline$$$quetyp_end$$$quebod_endrequired$$$que_end姓名$$$quetit_endlogic-name$$$quetyp_end$$$quebod_endrequired$$$que_end性别$$$quetit_endlogic-sex$$$quetyp_end男$$$quebod_end女$$$quebod_endrequired$$$que_end学号$$$quetit_endlogic-studentID$$$quetyp_end$$$quebod_endrequired$$$que_end住址$$$quetit_endlogic-address$$$quetyp_end$$$quebod_endrequired$$$que_end电话长短号$$$quetit_endlogic-tel$$$quetyp_end$$$quebod_endrequired$$$que_end邮箱$$$quetit_endlogic-email$$$quetyp_end$$$quebod_endrequired$$$que_end专业班级$$$quetit_endlogic-class$$$quetyp_end$$$quebod_endrequired$$$que_end','14313','2014-12-07 07:11:11','0','1','1'),
('65','zdstep@163.com','请在这里输入报名表的名字','请在这里输入报名表的说明','姓名$$$quetit_endlogic-name$$$quetyp_end$$$quebod_endrequired$$$que_end性别$$$quetit_endlogic-sex$$$quetyp_end男$$$quebod_end女$$$quebod_endrequired$$$que_end学号$$$quetit_endlogic-studentID$$$quetyp_end$$$quebod_endrequired$$$que_end住址$$$quetit_endlogic-address$$$quetyp_end$$$quebod_endrequired$$$que_end电话长短号$$$quetit_endlogic-tel$$$quetyp_end$$$quebod_endrequired$$$que_end邮箱$$$quetit_endlogic-email$$$quetyp_end$$$quebod_endrequired$$$que_end专业班级$$$quetit_endlogic-class$$$quetyp_end$$$quebod_endrequired$$$que_end','请在这里输入报名表的注意事项','2014-12-10 03:50:46','0','0','1'),
('66','Xuanyuan-Land@163.com','请在这里输入报名表的名字','请在这里输入报名表的说明','请在这里输入题干内容$$$quetit_endfree-singleline$$$quetyp_end$$$quebod_endrequired$$$que_end请在这里输入题干内容$$$quetit_endfree-multiline$$$quetyp_end$$$quebod_endrequired$$$que_end请在这里输入题干内容$$$quetit_endfree-personalphoto$$$quetyp_end$$$quebod_endrequired$$$que_end请在这里输入题干内容$$$quetit_endfree-singlechoice$$$quetyp_endrequired$$$que_end请在这里输入题干内容$$$quetit_endfree-multichoice$$$quetyp_endrequired$$$que_end姓名$$$quetit_endlogic-name$$$quetyp_end$$$quebod_endrequired$$$que_end性别$$$quetit_endlogic-sex$$$quetyp_end男$$$quebod_end女$$$quebod_endrequired$$$que_end学号$$$quetit_endlogic-studentID$$$quetyp_end$$$quebod_endrequired$$$que_end住址$$$quetit_endlogic-address$$$quetyp_end$$$quebod_endrequired$$$que_end电话长短号$$$quetit_endlogic-tel$$$quetyp_end$$$quebod_endrequired$$$que_end邮箱$$$quetit_endlogic-email$$$quetyp_end$$$quebod_endrequired$$$que_end专业班级$$$quetit_endlogic-class$$$quetyp_end$$$quebod_endrequired$$$que_end','请在这里输入报名表的注意事项','2014-12-10 03:53:44','0','0','1'),
('67','zjdxwuwochashe@163.com','2015年浙江大学无我茶社会员报名表','用于浙江大学无我茶社的会员招收','','请认真填写','2014-12-11 06:33:51','0','1','1'),
('71','taoningying@sina.com','Test','','姓名$$$quetit_endlogic-name$$$quetyp_end$$$quebod_endrequired$$$que_end性别$$$quetit_endlogic-sex$$$quetyp_end男$$$quebod_end女$$$quebod_endrequired$$$que_end学号$$$quetit_endlogic-studentID$$$quetyp_end$$$quebod_endrequired$$$que_end住址$$$quetit_endlogic-address$$$quetyp_end$$$quebod_endrequired$$$que_end电话长短号$$$quetit_endlogic-tel$$$quetyp_end$$$quebod_endrequired$$$que_end邮箱$$$quetit_endlogic-email$$$quetyp_end$$$quebod_endrequired$$$que_end专业班级$$$quetit_endlogic-class$$$quetyp_end$$$quebod_endrequired$$$que_end','','2014-12-23 10:48:42','4','2','1'),
('72','lzxto123-dnf@qq.com','测试','','姓名$$$quetit_endlogic-name$$$quetyp_end$$$quebod_endrequired$$$que_end性别$$$quetit_endlogic-sex$$$quetyp_end男$$$quebod_end女$$$quebod_endrequired$$$que_end学号$$$quetit_endlogic-studentID$$$quetyp_end$$$quebod_endrequired$$$que_end住址$$$quetit_endlogic-address$$$quetyp_end$$$quebod_endrequired$$$que_end电话长短号$$$quetit_endlogic-tel$$$quetyp_end$$$quebod_endrequired$$$que_end邮箱$$$quetit_endlogic-email$$$quetyp_end$$$quebod_endrequired$$$que_end专业班级$$$quetit_endlogic-class$$$quetyp_end$$$quebod_endrequired$$$que_end','','2014-12-25 05:21:07','4','0','1');
DROP TABLE IF EXISTS  `_user`;
CREATE TABLE `_user` (
  `user_id` mediumint(8) NOT NULL AUTO_INCREMENT,
  `username` varchar(40) NOT NULL,
  `password` varchar(10) NOT NULL,
  `user_question` varchar(10) DEFAULT NULL,
  `user_answer` varchar(10) DEFAULT NULL,
  `user_vip` varchar(1) DEFAULT NULL,
  `user_email` varchar(40) DEFAULT NULL,
  `user_telephone` varchar(11) DEFAULT NULL,
  `user_regdate` date DEFAULT NULL,
  `user_logdate` date DEFAULT NULL,
  `formstate` int(1) DEFAULT '1',
  PRIMARY KEY (`user_id`)
) ENGINE=InnoDB AUTO_INCREMENT=34 DEFAULT CHARSET=gbk;

insert into `_user`(`user_id`,`username`,`password`,`user_question`,`user_answer`,`user_vip`,`user_email`,`user_telephone`,`user_regdate`,`user_logdate`,`formstate`) values
('1','404764607@qq.com','qweqwe',null,null,null,null,null,null,null,'1'),
('2','1@2.com','qweqwe',null,null,null,null,null,null,null,'1'),
('3','test@qq.com','testtest',null,null,null,null,null,null,null,'1'),
('4','ljh19950713@gmail.com','445998700',null,null,null,null,null,null,null,'1'),
('5','lzxto123-dnf@qq.com','testtest',null,null,null,null,null,null,null,'1'),
('6','iamzerolu@gmail.com','123123',null,null,null,null,null,null,null,'1'),
('7','baomingba@126.com','taodada',null,null,null,null,null,null,null,'1'),
('8','suzhou@ceshi.com','qweqwe',null,null,null,null,null,null,null,'1'),
('9','122@222.com','122222',null,null,null,null,null,null,null,'1'),
('10','suzhou@123.com','qweqwe',null,null,null,null,null,null,null,'1'),
('11','taoningying@sina.com','taodada','','','1','','','0000-00-00','0000-00-00','1'),
('12','zjuzjgjy@163.com','jy_1103',null,null,null,null,null,null,null,'1'),
('13','555@qq.com','555qqq',null,null,null,null,null,null,null,'1'),
('14','lvzhiyuan1999@126.com','goaers',null,null,null,null,null,null,null,'1'),
('15','test@test.com','testtest',null,null,null,null,null,null,null,'1'),
('16','1234@1234.com','12341234',null,null,null,null,null,null,null,'1'),
('17','ayuh_zju@qq.com','hycjhdd',null,null,null,null,null,null,null,'1'),
('18','623553675@qq.com','996655','','','1','','','0000-00-00','0000-00-00','1'),
('19','wenzp1995@163.com','375105','','','1','','','0000-00-00','0000-00-00','1'),
('20','18868180968@126.com','zjuwsd',null,null,null,null,null,null,null,'1'),
('21','zdstep@qq.com','zdstep',null,null,null,null,null,null,null,'1'),
('22','Xuanyuan-Land@163.com','921975',null,null,null,null,null,null,null,'1'),
('23','zdstep@163.com','123456','','','1','','','0000-00-00','0000-00-00','1'),
('24','taodd@163.com','taodada',null,null,null,null,null,null,null,'1'),
('25','bmb','bmb123',null,null,'2',null,null,null,null,'1'),
('26','something@test.com','something',null,null,null,null,null,null,null,'1'),
('27','zjdxwuwochashe@163.com','wuwochashe','','','1','','','0000-00-00','0000-00-00','1'),
('28','host@bmb.com','123bmb',null,null,null,null,null,null,null,'1'),
('29','manager@bmb.com','123bmb',null,null,'2',null,null,null,null,'1'),
('30','ceshi@ceshi.cn','ceshiceshi',null,null,null,null,null,null,null,'1'),
('31','364044816@qq.com','123456',null,null,null,null,null,null,null,'1'),
('32','Yixirlmeng@163.com','1314mm',null,null,null,null,null,null,null,'1'),
('33','601155275@qq.com','3130103451','','','1','','','0000-00-00','0000-00-00','1');
SET FOREIGN_KEY_CHECKS = 1;

